{"MDVP:Fo(Hz)": {"min": 88.333, "max": 260.105, "mean": 154.22864102564102}, "MDVP:Fhi(Hz)": {"min": 102.145, "max": 592.03, "mean": 197.10491794871797}, "MDVP:Flo(Hz)": {"min": 65.476, "max": 239.17, "mean": 116.32463076923077}, "MDVP:Jitter(%)": {"min": 0.00168, "max": 0.03316, "mean": 0.006220461538461538}, "MDVP:Jitter(Abs)": {"min": 7e-06, "max": 0.00026, "mean": 4.395897435897436e-05}, "MDVP:RAP": {"min": 0.00068, "max": 0.02144, "mean": 0.003306410256410257}, "MDVP:PPQ": {"min": 0.00092, "max": 0.01958, "mean": 0.003446358974358974}, "Jitter:DDP": {"min": 0.00204, "max": 0.06433, "mean": 0.009919948717948717}, "MDVP:Shimmer": {"min": 0.00954, "max": 0.11908, "mean": 0.0297091282051282}, "MDVP:Shimmer(dB)": {"min": 0.085, "max": 1.302, "mean": 0.2822512820512821}, "Shimmer:APQ3": {"min": 0.00455, "max": 0.05647, "mean": 0.015664153846153845}, "Shimmer:APQ5": {"min": 0.0057, "max": 0.0794, "mean": 0.017878256410256407}, "MDVP:APQ": {"min": 0.00719, "max": 0.13778, "mean": 0.02408148717948718}, "Shimmer:DDA": {"min": 0.01364, "max": 0.16942, "mean": 0.04699261538461539}, "NHR": {"min": 0.00065, "max": 0.31482, "mean": 0.02484707692307692}, "HNR": {"min": 8.441, "max": 33.047, "mean": 21.885974358974355}, "RPDE": {"min": 0.25657, "max": 0.685151, "mean": 0.4985355384615385}, "DFA": {"min": 0.574282, "max": 0.825288, "mean": 0.7180990461538461}, "spread1": {"min": -7.964984, "max": -2.434031, "mean": -5.684396743589745}, "spread2": {"min": 0.006274, "max": 0.450493, "mean": 0.22651034871794873}, "D2": {"min": 1.423287, "max": 3.671155, "mean": 2.3818260871794874}, "PPE": {"min": 0.044539, "max": 0.527367, "mean": 0.20655164102564103}}